category,hook
Educational,Here’s exactly how much (X0) you need to (result)
Curiosity,Did you know this about (topic)?
Relatable,I failed at (X5) until I learned this
Listicle,8 strategies for (growth)
Educational,Beginner’s guide to (topic)
Curiosity,This sounds crazy but it works
Relatable,"I used to think (X12), but now…"
Listicle,7 hacks for (goal)
Educational,"If you want to (goal), start with this"
Curiosity,I tried (action) for (time)… here’s what happened
Relatable,This is what nobody prepares you for
Listicle,3 things you need to know about (topic)
Educational,"In 60 seconds, I’ll teach you how to (result)"
Curiosity,"Nobody talks about this, but…"
Relatable,You’re not alone if you feel this
Listicle,9 tips for (improvement)
Educational,The only framework you need to (result)
Curiosity,Here’s what no one tells you about (topic)
Relatable,This was me before (change)
Listicle,4 tools that help you (result)
Educational,The fastest way to learn (skill)
Curiosity,This one thing is secretly ruining your (result)
Relatable,"If you’re struggling with (problem), read this"
Listicle,5 mistakes to avoid when (action)
Educational,"Everyone tells you to (action), but here’s how to actually do it"
Curiosity,This changed everything for me
Relatable,This hit me hard
Listicle,Top 5 lessons from (experience)
Educational,3 simple steps to (result)
Curiosity,What if I told you (X50) could (result)?
Relatable,"If you feel stuck, this is for you"
Listicle,6 secrets to (success)
Educational,How to go from (before) to (after) in (time)
Curiosity,Wait till you see this
Relatable,I wish I knew this earlier
Listicle,Top 10 ways to (result)
Educational,Step-by-step: how to (result) without (pain point)
Curiosity,You’re probably doing this wrong
Relatable,Real talk about (topic)
Listicle,3 rules for (topic)
Educational,Here’s exactly how much (X70) you need to (result)
Curiosity,Did you know this about (topic)?
Relatable,I failed at (X75) until I learned this
Listicle,8 strategies for (growth)
Educational,Beginner’s guide to (topic)
Curiosity,This sounds crazy but it works
Relatable,"I used to think (X82), but now…"
Listicle,7 hacks for (goal)
Educational,"If you want to (goal), start with this"
Curiosity,I tried (action) for (time)… here’s what happened
Relatable,This is what nobody prepares you for
Listicle,3 things you need to know about (topic)
Educational,"In 60 seconds, I’ll teach you how to (result)"
Curiosity,"Nobody talks about this, but…"
Relatable,You’re not alone if you feel this
Listicle,9 tips for (improvement)
Educational,The only framework you need to (result)
Curiosity,Here’s what no one tells you about (topic)
Relatable,This was me before (change)
Listicle,4 tools that help you (result)
Educational,The fastest way to learn (skill)
Curiosity,This one thing is secretly ruining your (result)
Relatable,"If you’re struggling with (problem), read this"
Listicle,5 mistakes to avoid when (action)
Educational,"Everyone tells you to (action), but here’s how to actually do it"
Curiosity,This changed everything for me
Relatable,This hit me hard
Listicle,Top 5 lessons from (experience)
Educational,3 simple steps to (result)
Curiosity,What if I told you (X120) could (result)?
Relatable,"If you feel stuck, this is for you"
Listicle,6 secrets to (success)
Educational,How to go from (before) to (after) in (time)
Curiosity,Wait till you see this
Relatable,I wish I knew this earlier
Listicle,Top 10 ways to (result)
Educational,Step-by-step: how to (result) without (pain point)
Curiosity,You’re probably doing this wrong
Relatable,Real talk about (topic)
Listicle,3 rules for (topic)
Educational,Here’s exactly how much (X140) you need to (result)
Curiosity,Did you know this about (topic)?
Relatable,I failed at (X145) until I learned this
Listicle,8 strategies for (growth)
Educational,Beginner’s guide to (topic)
Curiosity,This sounds crazy but it works
Relatable,"I used to think (X152), but now…"
Listicle,7 hacks for (goal)
Educational,"If you want to (goal), start with this"
Curiosity,I tried (action) for (time)… here’s what happened
Relatable,This is what nobody prepares you for
Listicle,3 things you need to know about (topic)
Educational,"In 60 seconds, I’ll teach you how to (result)"
Curiosity,"Nobody talks about this, but…"
Relatable,You’re not alone if you feel this
Listicle,9 tips for (improvement)
Educational,The only framework you need to (result)
Curiosity,Here’s what no one tells you about (topic)
Relatable,This was me before (change)
Listicle,4 tools that help you (result)
Educational,The fastest way to learn (skill)
Curiosity,This one thing is secretly ruining your (result)
Relatable,"If you’re struggling with (problem), read this"
Listicle,5 mistakes to avoid when (action)
Educational,"Everyone tells you to (action), but here’s how to actually do it"
Curiosity,This changed everything for me
Relatable,This hit me hard
Listicle,Top 5 lessons from (experience)
Educational,3 simple steps to (result)
Curiosity,What if I told you (X190) could (result)?
Relatable,"If you feel stuck, this is for you"
Listicle,6 secrets to (success)
Educational,How to go from (before) to (after) in (time)
Curiosity,Wait till you see this
Relatable,I wish I knew this earlier
Listicle,Top 10 ways to (result)
Educational,Step-by-step: how to (result) without (pain point)
Curiosity,You’re probably doing this wrong
Relatable,Real talk about (topic)
Listicle,3 rules for (topic)
Educational,Here’s exactly how much (X210) you need to (result)
Curiosity,Did you know this about (topic)?
Relatable,I failed at (X215) until I learned this
Listicle,8 strategies for (growth)
Educational,Beginner’s guide to (topic)
Curiosity,This sounds crazy but it works
Relatable,"I used to think (X222), but now…"
Listicle,7 hacks for (goal)
Educational,"If you want to (goal), start with this"
Curiosity,I tried (action) for (time)… here’s what happened
Relatable,This is what nobody prepares you for
Listicle,3 things you need to know about (topic)
Educational,"In 60 seconds, I’ll teach you how to (result)"
Curiosity,"Nobody talks about this, but…"
Relatable,You’re not alone if you feel this
Listicle,9 tips for (improvement)
Educational,The only framework you need to (result)
Curiosity,Here’s what no one tells you about (topic)
Relatable,This was me before (change)
Listicle,4 tools that help you (result)
Educational,The fastest way to learn (skill)
Curiosity,This one thing is secretly ruining your (result)
Relatable,"If you’re struggling with (problem), read this"
Listicle,5 mistakes to avoid when (action)
Educational,"Everyone tells you to (action), but here’s how to actually do it"
Curiosity,This changed everything for me
Relatable,This hit me hard
Listicle,Top 5 lessons from (experience)
Educational,3 simple steps to (result)
Curiosity,What if I told you (X260) could (result)?
Relatable,"If you feel stuck, this is for you"
Listicle,6 secrets to (success)
Educational,How to go from (before) to (after) in (time)
Curiosity,Wait till you see this
Relatable,I wish I knew this earlier
Listicle,Top 10 ways to (result)
Educational,Step-by-step: how to (result) without (pain point)
Curiosity,You’re probably doing this wrong
Relatable,Real talk about (topic)
Listicle,3 rules for (topic)
Educational,Here’s exactly how much (X280) you need to (result)
Curiosity,Did you know this about (topic)?
Relatable,I failed at (X285) until I learned this
Listicle,8 strategies for (growth)
Educational,Beginner’s guide to (topic)
Curiosity,This sounds crazy but it works
Relatable,"I used to think (X292), but now…"
Listicle,7 hacks for (goal)
Educational,"If you want to (goal), start with this"
Curiosity,I tried (action) for (time)… here’s what happened
Relatable,This is what nobody prepares you for
Listicle,3 things you need to know about (topic)
Educational,"In 60 seconds, I’ll teach you how to (result)"
Curiosity,"Nobody talks about this, but…"
Relatable,You’re not alone if you feel this
Listicle,9 tips for (improvement)
Educational,The only framework you need to (result)
Curiosity,Here’s what no one tells you about (topic)
Relatable,This was me before (change)
Listicle,4 tools that help you (result)
Educational,The fastest way to learn (skill)
Curiosity,This one thing is secretly ruining your (result)
Relatable,"If you’re struggling with (problem), read this"
Listicle,5 mistakes to avoid when (action)
Educational,"Everyone tells you to (action), but here’s how to actually do it"
Curiosity,This changed everything for me
Relatable,This hit me hard
Listicle,Top 5 lessons from (experience)
Educational,3 simple steps to (result)
Curiosity,What if I told you (X330) could (result)?
Relatable,"If you feel stuck, this is for you"
Listicle,6 secrets to (success)
Educational,How to go from (before) to (after) in (time)
Curiosity,Wait till you see this
Relatable,I wish I knew this earlier
Listicle,Top 10 ways to (result)
Educational,Step-by-step: how to (result) without (pain point)
Curiosity,You’re probably doing this wrong
Relatable,Real talk about (topic)
Listicle,3 rules for (topic)
Educational,Here’s exactly how much (X350) you need to (result)
Curiosity,Did you know this about (topic)?
Relatable,I failed at (X355) until I learned this
Listicle,8 strategies for (growth)
Educational,Beginner’s guide to (topic)
Curiosity,This sounds crazy but it works
Relatable,"I used to think (X362), but now…"
Listicle,7 hacks for (goal)
Educational,"If you want to (goal), start with this"
Curiosity,I tried (action) for (time)… here’s what happened
Relatable,This is what nobody prepares you for
Listicle,3 things you need to know about (topic)
Educational,"In 60 seconds, I’ll teach you how to (result)"
Curiosity,"Nobody talks about this, but…"
Relatable,You’re not alone if you feel this
Listicle,9 tips for (improvement)
Educational,The only framework you need to (result)
Curiosity,Here’s what no one tells you about (topic)
Relatable,This was me before (change)
Listicle,4 tools that help you (result)
Educational,The fastest way to learn (skill)
Curiosity,This one thing is secretly ruining your (result)
Relatable,"If you’re struggling with (problem), read this"
Listicle,5 mistakes to avoid when (action)
Educational,"Everyone tells you to (action), but here’s how to actually do it"
Curiosity,This changed everything for me
Relatable,This hit me hard
Listicle,Top 5 lessons from (experience)
Educational,3 simple steps to (result)
Curiosity,What if I told you (X400) could (result)?
Relatable,"If you feel stuck, this is for you"
Listicle,6 secrets to (success)
Educational,How to go from (before) to (after) in (time)
Curiosity,Wait till you see this
Relatable,I wish I knew this earlier
Listicle,Top 10 ways to (result)
Educational,Step-by-step: how to (result) without (pain point)
Curiosity,You’re probably doing this wrong
Relatable,Real talk about (topic)
Listicle,3 rules for (topic)
Educational,Here’s exactly how much (X420) you need to (result)
Curiosity,Did you know this about (topic)?
Relatable,I failed at (X425) until I learned this
Listicle,8 strategies for (growth)
Educational,Beginner’s guide to (topic)
Curiosity,This sounds crazy but it works
Relatable,"I used to think (X432), but now…"
Listicle,7 hacks for (goal)
Educational,"If you want to (goal), start with this"
Curiosity,I tried (action) for (time)… here’s what happened
Relatable,This is what nobody prepares you for
Listicle,3 things you need to know about (topic)
Educational,"In 60 seconds, I’ll teach you how to (result)"
Curiosity,"Nobody talks about this, but…"
Relatable,You’re not alone if you feel this
Listicle,9 tips for (improvement)
Educational,The only framework you need to (result)
Curiosity,Here’s what no one tells you about (topic)
Relatable,This was me before (change)
Listicle,4 tools that help you (result)
Educational,The fastest way to learn (skill)
Curiosity,This one thing is secretly ruining your (result)
Relatable,"If you’re struggling with (problem), read this"
Listicle,5 mistakes to avoid when (action)
Educational,"Everyone tells you to (action), but here’s how to actually do it"
Curiosity,This changed everything for me
Relatable,This hit me hard
Listicle,Top 5 lessons from (experience)
Educational,3 simple steps to (result)
Curiosity,What if I told you (X470) could (result)?
Relatable,"If you feel stuck, this is for you"
Listicle,6 secrets to (success)
Educational,How to go from (before) to (after) in (time)
Curiosity,Wait till you see this
Relatable,I wish I knew this earlier
Listicle,Top 10 ways to (result)
Educational,Step-by-step: how to (result) without (pain point)
Curiosity,You’re probably doing this wrong
Relatable,Real talk about (topic)
Listicle,3 rules for (topic)
Educational,Here’s exactly how much (X490) you need to (result)
Curiosity,Did you know this about (topic)?
Relatable,I failed at (X495) until I learned this
Listicle,8 strategies for (growth)
Educational,Beginner’s guide to (topic)
Curiosity,This sounds crazy but it works
Relatable,"I used to think (X502), but now…"
Listicle,7 hacks for (goal)
Educational,"If you want to (goal), start with this"
Curiosity,I tried (action) for (time)… here’s what happened
Relatable,This is what nobody prepares you for
Listicle,3 things you need to know about (topic)
Educational,"In 60 seconds, I’ll teach you how to (result)"
Curiosity,"Nobody talks about this, but…"
Relatable,You’re not alone if you feel this
Listicle,9 tips for (improvement)
Educational,The only framework you need to (result)
Curiosity,Here’s what no one tells you about (topic)
Relatable,This was me before (change)
Listicle,4 tools that help you (result)
Educational,The fastest way to learn (skill)
Curiosity,This one thing is secretly ruining your (result)
Relatable,"If you’re struggling with (problem), read this"
Listicle,5 mistakes to avoid when (action)
Educational,"Everyone tells you to (action), but here’s how to actually do it"
Curiosity,This changed everything for me
Relatable,This hit me hard
Listicle,Top 5 lessons from (experience)
Educational,3 simple steps to (result)
Curiosity,What if I told you (X540) could (result)?
Relatable,"If you feel stuck, this is for you"
Listicle,6 secrets to (success)
Educational,How to go from (before) to (after) in (time)
Curiosity,Wait till you see this
Relatable,I wish I knew this earlier
Listicle,Top 10 ways to (result)
Educational,Step-by-step: how to (result) without (pain point)
Curiosity,You’re probably doing this wrong
Relatable,Real talk about (topic)
Listicle,3 rules for (topic)
Educational,Here’s exactly how much (X560) you need to (result)
Curiosity,Did you know this about (topic)?
Relatable,I failed at (X565) until I learned this
Listicle,8 strategies for (growth)
Educational,Beginner’s guide to (topic)
Curiosity,This sounds crazy but it works
Relatable,"I used to think (X572), but now…"
Listicle,7 hacks for (goal)
Educational,"If you want to (goal), start with this"
Curiosity,I tried (action) for (time)… here’s what happened
Relatable,This is what nobody prepares you for
Listicle,3 things you need to know about (topic)
Educational,"In 60 seconds, I’ll teach you how to (result)"
Curiosity,"Nobody talks about this, but…"
Relatable,You’re not alone if you feel this
Listicle,9 tips for (improvement)
Educational,The only framework you need to (result)
Curiosity,Here’s what no one tells you about (topic)
Relatable,This was me before (change)
Listicle,4 tools that help you (result)
Educational,The fastest way to learn (skill)
Curiosity,This one thing is secretly ruining your (result)
Relatable,"If you’re struggling with (problem), read this"
Listicle,5 mistakes to avoid when (action)
Educational,"Everyone tells you to (action), but here’s how to actually do it"
Curiosity,This changed everything for me
Relatable,This hit me hard
Listicle,Top 5 lessons from (experience)
Educational,3 simple steps to (result)
Curiosity,What if I told you (X610) could (result)?
Relatable,"If you feel stuck, this is for you"
Listicle,6 secrets to (success)
Educational,How to go from (before) to (after) in (time)
Curiosity,Wait till you see this
Relatable,I wish I knew this earlier
Listicle,Top 10 ways to (result)
Educational,Step-by-step: how to (result) without (pain point)
Curiosity,You’re probably doing this wrong
Relatable,Real talk about (topic)
Listicle,3 rules for (topic)
Educational,Here’s exactly how much (X630) you need to (result)
Curiosity,Did you know this about (topic)?
Relatable,I failed at (X635) until I learned this
Listicle,8 strategies for (growth)
Educational,Beginner’s guide to (topic)
Curiosity,This sounds crazy but it works
Relatable,"I used to think (X642), but now…"
Listicle,7 hacks for (goal)
Educational,"If you want to (goal), start with this"
Curiosity,I tried (action) for (time)… here’s what happened
Relatable,This is what nobody prepares you for
Listicle,3 things you need to know about (topic)
Educational,"In 60 seconds, I’ll teach you how to (result)"
Curiosity,"Nobody talks about this, but…"
Relatable,You’re not alone if you feel this
Listicle,9 tips for (improvement)
Educational,The only framework you need to (result)
Curiosity,Here’s what no one tells you about (topic)
Relatable,This was me before (change)
Listicle,4 tools that help you (result)
Educational,The fastest way to learn (skill)
Curiosity,This one thing is secretly ruining your (result)
Relatable,"If you’re struggling with (problem), read this"
Listicle,5 mistakes to avoid when (action)
Educational,"Everyone tells you to (action), but here’s how to actually do it"
Curiosity,This changed everything for me
Relatable,This hit me hard
Listicle,Top 5 lessons from (experience)
Educational,3 simple steps to (result)
Curiosity,What if I told you (X680) could (result)?
Relatable,"If you feel stuck, this is for you"
Listicle,6 secrets to (success)
Educational,How to go from (before) to (after) in (time)
Curiosity,Wait till you see this
Relatable,I wish I knew this earlier
Listicle,Top 10 ways to (result)
Educational,Step-by-step: how to (result) without (pain point)
Curiosity,You’re probably doing this wrong
Relatable,Real talk about (topic)
Listicle,3 rules for (topic)
Educational,Here’s exactly how much (X700) you need to (result)
Curiosity,Did you know this about (topic)?
Relatable,I failed at (X705) until I learned this
Listicle,8 strategies for (growth)
Educational,Beginner’s guide to (topic)
Curiosity,This sounds crazy but it works
Relatable,"I used to think (X712), but now…"
Listicle,7 hacks for (goal)
Educational,"If you want to (goal), start with this"
Curiosity,I tried (action) for (time)… here’s what happened
Relatable,This is what nobody prepares you for
Listicle,3 things you need to know about (topic)
Educational,"In 60 seconds, I’ll teach you how to (result)"
Curiosity,"Nobody talks about this, but…"
Relatable,You’re not alone if you feel this
Listicle,9 tips for (improvement)
Educational,The only framework you need to (result)
Curiosity,Here’s what no one tells you about (topic)
Relatable,This was me before (change)
Listicle,4 tools that help you (result)
Educational,The fastest way to learn (skill)
Curiosity,This one thing is secretly ruining your (result)
Relatable,"If you’re struggling with (problem), read this"
Listicle,5 mistakes to avoid when (action)
Educational,"Everyone tells you to (action), but here’s how to actually do it"
Curiosity,This changed everything for me
Relatable,This hit me hard
Listicle,Top 5 lessons from (experience)
Educational,3 simple steps to (result)
Curiosity,What if I told you (X750) could (result)?
Relatable,"If you feel stuck, this is for you"
Listicle,6 secrets to (success)
Educational,How to go from (before) to (after) in (time)
Curiosity,Wait till you see this
Relatable,I wish I knew this earlier
Listicle,Top 10 ways to (result)
Educational,Step-by-step: how to (result) without (pain point)
Curiosity,You’re probably doing this wrong
Relatable,Real talk about (topic)
Listicle,3 rules for (topic)
Educational,Here’s exactly how much (X770) you need to (result)
Curiosity,Did you know this about (topic)?
Relatable,I failed at (X775) until I learned this
Listicle,8 strategies for (growth)
Educational,Beginner’s guide to (topic)
Curiosity,This sounds crazy but it works
Relatable,"I used to think (X782), but now…"
Listicle,7 hacks for (goal)
Educational,"If you want to (goal), start with this"
Curiosity,I tried (action) for (time)… here’s what happened
Relatable,This is what nobody prepares you for
Listicle,3 things you need to know about (topic)
Educational,"In 60 seconds, I’ll teach you how to (result)"
Curiosity,"Nobody talks about this, but…"
Relatable,You’re not alone if you feel this
Listicle,9 tips for (improvement)
Educational,The only framework you need to (result)
Curiosity,Here’s what no one tells you about (topic)
Relatable,This was me before (change)
Listicle,4 tools that help you (result)
Educational,The fastest way to learn (skill)
Curiosity,This one thing is secretly ruining your (result)
Relatable,"If you’re struggling with (problem), read this"
Listicle,5 mistakes to avoid when (action)
Educational,"Everyone tells you to (action), but here’s how to actually do it"
Curiosity,This changed everything for me
Relatable,This hit me hard
Listicle,Top 5 lessons from (experience)
Educational,3 simple steps to (result)
Curiosity,What if I told you (X820) could (result)?
Relatable,"If you feel stuck, this is for you"
Listicle,6 secrets to (success)
Educational,How to go from (before) to (after) in (time)
Curiosity,Wait till you see this
Relatable,I wish I knew this earlier
Listicle,Top 10 ways to (result)
Educational,Step-by-step: how to (result) without (pain point)
Curiosity,You’re probably doing this wrong
Relatable,Real talk about (topic)
Listicle,3 rules for (topic)
Educational,Here’s exactly how much (X840) you need to (result)
Curiosity,Did you know this about (topic)?
Relatable,I failed at (X845) until I learned this
Listicle,8 strategies for (growth)
Educational,Beginner’s guide to (topic)
Curiosity,This sounds crazy but it works
Relatable,"I used to think (X852), but now…"
Listicle,7 hacks for (goal)
Educational,"If you want to (goal), start with this"
Curiosity,I tried (action) for (time)… here’s what happened
Relatable,This is what nobody prepares you for
Listicle,3 things you need to know about (topic)
Educational,"In 60 seconds, I’ll teach you how to (result)"
Curiosity,"Nobody talks about this, but…"
Relatable,You’re not alone if you feel this
Listicle,9 tips for (improvement)
Educational,The only framework you need to (result)
Curiosity,Here’s what no one tells you about (topic)
Relatable,This was me before (change)
Listicle,4 tools that help you (result)
Educational,The fastest way to learn (skill)
Curiosity,This one thing is secretly ruining your (result)
Relatable,"If you’re struggling with (problem), read this"
Listicle,5 mistakes to avoid when (action)
Educational,"Everyone tells you to (action), but here’s how to actually do it"
Curiosity,This changed everything for me
Relatable,This hit me hard
Listicle,Top 5 lessons from (experience)
Educational,3 simple steps to (result)
Curiosity,What if I told you (X890) could (result)?
Relatable,"If you feel stuck, this is for you"
Listicle,6 secrets to (success)
Educational,How to go from (before) to (after) in (time)
Curiosity,Wait till you see this
Relatable,I wish I knew this earlier
Listicle,Top 10 ways to (result)
Educational,Step-by-step: how to (result) without (pain point)
Curiosity,You’re probably doing this wrong
Relatable,Real talk about (topic)
Listicle,3 rules for (topic)
Educational,Here’s exactly how much (X910) you need to (result)
Curiosity,Did you know this about (topic)?
Relatable,I failed at (X915) until I learned this
Listicle,8 strategies for (growth)
Educational,Beginner’s guide to (topic)
Curiosity,This sounds crazy but it works
Relatable,"I used to think (X922), but now…"
Listicle,7 hacks for (goal)
Educational,"If you want to (goal), start with this"
Curiosity,I tried (action) for (time)… here’s what happened
Relatable,This is what nobody prepares you for
Listicle,3 things you need to know about (topic)
Educational,"In 60 seconds, I’ll teach you how to (result)"
Curiosity,"Nobody talks about this, but…"
Relatable,You’re not alone if you feel this
Listicle,9 tips for (improvement)
Educational,The only framework you need to (result)
Curiosity,Here’s what no one tells you about (topic)
Relatable,This was me before (change)
Listicle,4 tools that help you (result)
Educational,The fastest way to learn (skill)
Curiosity,This one thing is secretly ruining your (result)
Relatable,"If you’re struggling with (problem), read this"
Listicle,5 mistakes to avoid when (action)
Educational,"Everyone tells you to (action), but here’s how to actually do it"
Curiosity,This changed everything for me
Relatable,This hit me hard
Listicle,Top 5 lessons from (experience)
Educational,3 simple steps to (result)
Curiosity,What if I told you (X960) could (result)?
Relatable,"If you feel stuck, this is for you"
Listicle,6 secrets to (success)
Educational,How to go from (before) to (after) in (time)
Curiosity,Wait till you see this
Relatable,I wish I knew this earlier
Listicle,Top 10 ways to (result)
Educational,Step-by-step: how to (result) without (pain point)
Curiosity,You’re probably doing this wrong
Relatable,Real talk about (topic)
Listicle,3 rules for (topic)
Educational,Here’s exactly how much (X980) you need to (result)
Curiosity,Did you know this about (topic)?
Relatable,I failed at (X985) until I learned this
Listicle,8 strategies for (growth)
Educational,Beginner’s guide to (topic)
Curiosity,This sounds crazy but it works
Relatable,"I used to think (X992), but now…"
Listicle,7 hacks for (goal)
Educational,"If you want to (goal), start with this"
Curiosity,I tried (action) for (time)… here’s what happened
Relatable,This is what nobody prepares you for
Parenting,POV: you're the parent who (situation)
Parenting,Nobody tells you that (truth about parenting)
Parenting,Things I wish I knew before (milestone)
Parenting,The one thing that finally got my (kid) to (result)
Parenting,"If your (kid) won't (action), try this tonight"
Parenting,Tell me you're a (type) parent without telling me
Parenting,Day (X) of (routine) with a toddler
Parenting,I'll never (action) again after this
Parenting,Bedtime as a (type) parent be like
Parenting,The (number)-second trick that ended (problem)
Parenting,My (kid) did (thing) and I wasn't ready
Parenting,Every parent needs to hear this about (topic)
Parenting,This is your sign to (action) tonight
Parenting,"Parents, stop (mistake) and do this instead"
Parenting,I tried (hack) for (time) — here's what happened to bedtime
Parenting,The bedtime routine that changed (result)
Parenting,How I get my (kid) to sleep without (struggle)
Parenting,Send this to a parent who (situation)
Parenting,Raising a toddler is just (relatable truth)
Parenting,No one warns you about (parenting moment)
Parenting,When you're away and your (kid) (reaction)
Parenting,POV: it's bedtime and (situation)
Parenting,The real reason your (kid) won't (action)
Parenting,"If you're a parent on a work trip, watch this"
Parenting,(number) things every parent of a toddler knows
Parenting,I wish someone told me this before (milestone)
Parenting,This made my (kid)'s bedtime 10x easier
Parenting,"Working parents, this one's for you"
Parenting,My (kid) said (quote) and I melted
Parenting,What bedtime looks like when one parent travels
Parenting,Bedtime used to be a battle until (change)
Parenting,Tell me this isn't every parent at 8pm
Parenting,The one bedtime mistake keeping your (kid) awake
Parenting,How to make bedtime feel safe even when you're not there
Parenting,Parenting win: (small victory)
Parenting,This is what my (kid) hears every night now
Parenting,The most underrated parenting hack: (hack)
Parenting,Goodnight looks different when (situation)
Parenting,"If bedtime without you feels impossible, watch this"
Parenting,The trick traveling parents swear by for bedtime
